,Unnamed: 0,Venue Id,Like Count,Users
0,0,56343465498e0e6662abacc3,1,2546865
1,1,4b636f17f964a52083792ae3,43,"148954178,14199651,500091794"
2,2,5127a9e2183f56cf2d7bfe9a,206,"106542848,74090282,2097870"
3,3,583638538d8e9962925c86fe,218,"35008435,20161939,171572"
4,4,4a56c167f964a520c1b51fe3,42,"127220731,369777631"
5,5,4b105794f964a520426e23e3,27,"444299,335932958,408965"
6,6,4a90b5b7f964a520361920e3,129,"17614142,485154572,13805612"
7,7,4d252711903c8cfa19f1cb25,0,
8,8,4af4f086f964a52093f721e3,9,"127777377,81655358,10122168"
9,9,5c143ccd031320002c620637,0,
10,10,4b92d069f964a520421e34e3,1,2026930
11,11,4b9ae7bdf964a52094e135e3,0,
12,12,51e2ffc9498eb7f2c84a1f04,21,"4852180,37927761"
13,13,52e20b3311d241e331b41f31,601,"2369550,3523,170559"
14,14,4f327aa219836c91c7dbcbe9,0,
15,15,43f08afdf964a520752f1fe3,1469,"1060112,57698460,64149242"
16,16,49fc89c3f964a520b36e1fe3,11,"221162,26026670,20546"
17,17,4bc881f86501c9b61f364029,119,"1941824,6037234,506227"
18,18,4aecaa99f964a52019ca21e3,35,"112339616,452079789"
19,19,4bc38e68abf49521beedc393,647,"12069518,59963205,509280701"
20,20,4bd38485a8b3a593483a6a5f,9,"345168248,23663456,22182183"
21,21,56d74386cd10dff01acdb949,7,"56326196,21662085,49951619"
22,22,4422a503f964a52094311fe3,300,"50778,967503,71064236"
23,23,5b942774deb4950025220c76,5,"15272514,326569,5842"
24,24,4f7a311fe4b041c95d550ca8,3,"69875,5734,218638"
25,25,457c2ffff964a520003f1fe3,77,"2902759,149789344,94258"
26,26,4afa146af964a5208c1622e3,59,"451544098,58037260,137338488"
27,27,4b146135f964a52032a223e3,7,"84271512,40986772,5276790"
28,28,435ad280f964a52006291fe3,598,"10588534,9878670,610535"
29,29,5129a27fe4b0fc7153fdd26a,0,
30,30,4f3274f119836c91c7d9a5c2,0,
31,31,5b452be1772fbc002c0a3ecb,39,"547758,196055007,1336712"
32,32,5a85d1774420d8211f25fe70,33,"140124,505324924,204926998"
33,33,4c005af58c1076b00b072071,1,24119500
34,34,505aa37ee4b09d25dc9e7557,450,"410601118,52176,83888680"
35,35,49cde3dcf964a520175a1fe3,73,"515589861,47071008,75709920"
36,36,4f32a47319836c91c7eba41e,0,
37,37,4f3256cf19836c91c7cdff13,0,
38,38,49eb6c30f964a520d7661fe3,100,"448682800,17387000,14123411"
39,39,55765667498e2a6bb9f00cb9,89,"92181732,1733266,396556760"
40,40,4f32885219836c91c7e109b6,0,
41,41,5849c58a6ad73d598e7f4174,52,"15788509,144911,29689342"
42,42,4b04b453f964a520385622e3,12,"35980,1725083,17204379"
43,43,5bc3e03a38f2160025e5beb9,1,1219615
44,44,4b01d145f964a520b04522e3,38,"444299,3523"
45,45,4a8b6942f964a520660c20e3,802,"5023358,8416616,1540632"
46,46,42e03700f964a52065261fe3,837,"20739970,5427860,4803586"
47,47,4c27c151ed0ac9b6ee3a5faa,156,"55456,171572,44644371"
48,48,49f5e129f964a520ca6b1fe3,137,"843669,128046,1301878"
49,49,554076fd498ec1e6a4ae0b23,242,"12118090,179397709,495918"
50,50,58fd8660c21cb16c175609e4,19,"11877774,140124,51855252"
51,51,4500584ff964a520bd381fe3,71,"870440,5473645,15665"
52,52,49c2be75f964a52026561fe3,97,"60093093,183396"
53,53,44733e3ef964a520a6331fe3,305,"2174775,16931186,13062215"
54,54,4fd36293e4b003bf7a650d0c,14,"97128,31217106,335015673"
55,55,52b63dac498ec85aee861620,370,"2056637,335015673,35865409"
56,56,5b3449f167a9fe002c4c797e,12,"452963487,519681434,77477441"
57,57,4c95857cf7cfa1cd0aaebe15,332,"196816,191096,18008671"
58,58,511bb2bfe4b080815dfcd1e3,0,
59,59,49d27124f964a520ab5b1fe3,72,"20161939,3311913,439149"
60,60,4b189710f964a5206fd423e3,16,"11890746,49084472,439149"
61,61,4af9eae3f964a520401522e3,1,1150812
62,62,4a779c1ef964a520e7e41fe3,54,"21031748,9028245,18156"
63,63,4d49005ca0ef54815fd6edf6,0,
64,64,4b1c7936f964a520b70724e3,205,"5473645,14199651"
65,65,4cdd9a967e2e236aa7eb791b,71,"90034390,20459137,10506707"
66,66,4a71ba30f964a5206bd91fe3,38,"172249,252065,86783272"
67,67,5802b3ced67c4518d9a073de,0,
68,68,5aea242f628c83002c960cae,3,"444862272,377955,1219615"
69,69,505a8013e4b08096cab04de2,55,"5459548,870440"
70,70,4b8f1e92f964a520f74933e3,7,"2451147,55027098,278644"
71,71,4edd41d0722e1da305ab8c18,0,
72,72,4c6ec74cd5c3a1cdba52c92b,4,"13292625,15136624"
73,73,5407c3ee498e743eaa28f797,66,"13062215,20732"
74,74,4b53f6f0f964a520a3af27e3,38,"9983535,40231588,296905"
75,75,5671c6d5498e5a1f5e444400,235,"11111871,89905587"
76,76,52daf6af498ea35cefa4f41f,13,"67839792,77062,99307"
77,77,49c1ae9ff964a520c3551fe3,201,"74094046,23139581"
78,78,53988def498e68d4d894fc87,266,"205432,77838949,9697806"
79,79,5532be5a498ef56670005aa4,0,
80,80,4f32b44319836c91c7f187a3,0,
81,81,57e40ce5498e264f523536d8,354,"468248586,9438347,31636820"
82,82,46c5f703f964a520094a1fe3,303,"550986,13047263,140722858"
83,83,540245cd498e97602cdcc0d0,2,"77722,55027098"
84,84,44d6a145f964a52063361fe3,51,"57628,10506707,92202000"
85,85,5466da7b498ea57568a8b318,123,"39834133,1391769,2523447"
86,86,5734d21b498e8b2de66a2d59,141,"12502,196956,82131058"
87,87,51377f75e4b071af3731fdbe,0,
88,88,49be8fe0f964a520b9541fe3,810,"9492038,15788509,135118758"
89,89,4c59cf862091a593ded45dd0,1,69500
90,90,4085b980f964a5208bf21ee3,348,"928970,62870514,20727"
91,91,4c3e2d870e0d0f470030157f,0,
92,92,4b303954f964a520f9f724e3,15,"13141259,1695541"
93,93,56fe15cacd100ab4c7fb0fe7,0,
94,94,5b2db9b3e1f228002c449e28,25,"47985968,506227,8589"
95,95,4ce8b506d99f721e2174b273,0,
96,96,5bafbc473ba767002c92b61a,22,"7774581,17933900,125553"
97,97,4d6d9885ffedf04d276557c5,2,"55027098,10520720"
98,98,4f32781019836c91c7dad128,0,
99,99,5962d2ace57ca6653805fc13,4,"10520720,62810942,131179987"
100,100,3fd66200f964a52041ee1ee3,1914,"520435225,483780704,129848"
101,101,5acfdbc1a22db710e73771c1,32,"132520846,8333885,1927417"
102,102,4af730aff964a520fa0622e3,34,"37479377,49025320,9337194"
103,103,4a0499aaf964a5200d721fe3,132,"35905568,10454574"
104,104,4aaa74acf964a520055620e3,17,"85507091,393098441,142664985"
105,105,4b19d3f4f964a520f6e423e3,232,"17632363,130936029,9982290"
106,106,49fa6e19f964a520f96d1fe3,86,"455277567,12672775,1004384"
107,107,5b3d39834aa3f8002cfc0bbd,8,"2371535,447225333,49025320"
108,108,4c44e42ff97fbe9af3d8bb30,0,
109,109,59bb7bd30531e83b964b6cb2,28,"4036541,128091763,14197548"
110,110,4eb080d76c25700fa9f283dc,295,"91074852,20974931,511352022"
111,111,520169f7498eb30a27c24173,373,57935117
112,112,4a59b889f964a52084b91fe3,138,"47621,84357752,47985968"
113,113,500cb192e4b0bfba2357928d,28,"74801997,159223633,164225999"
114,114,4bf9d1a8508c0f47eeb23f31,1,37582
115,115,533241d9498e964b11b196ae,0,
116,116,4a60277ff964a520b9c01fe3,21,"404015286,154605135,34296525"
117,117,4a41d576f964a5209ca51fe3,9,"414884617,11601671"
118,118,3fd66200f964a520a0ec1ee3,1349,"476,520435225,397"
119,119,43c8ff1df964a520932d1fe3,143,"136862357,51041316,381990257"
120,120,45eaff58f964a5208e431fe3,2223,"41221835,520456076,39892678"
121,121,4b064e19f964a52094ea22e3,14,"12367716,12001"
122,122,4bccd3e4937ca593f6d7ab92,9,"1491182,8547627,1540063"
123,123,55554f0a498e7ffc6883325c,603,"63022,58120034,492344410"
124,124,4f324aed19836c91c7c95f83,0,
125,125,4fb684ace4b003aff997216b,3,"137710969,174583,69491248"
126,126,4fbbe34d6b7409e4c8df2266,0,
127,127,5bdbb867018cbb002caea093,3,"69278,4833501,26196914"
128,128,5789608a498edec74bdd8d9e,0,
129,129,5193bb30498e0126e511f66c,207,"47071008,52986510,335610340"
130,130,50d4a638e4b02c8340848356,10,"772058,97460020,126887610"
131,131,51575e96e4b0fa0f8b310fe8,27,"44875488,329313416,10533870"
132,132,4b285f7af964a520e49224e3,14,"5520269,30705983,56965475"
133,133,4d38bdad47303704dcb26ba5,1,70476236
134,134,4f3d6810e4b081122435450d,9,"11776894,112090,169486408"
135,135,5569137b498e15ee7ca5adfc,18,"450705930,2136149,1995628"
136,136,5a3b267d4940bc2abc94d088,74,"20161939,13839018,866"
137,137,57784c4b498e532e84e77f3f,86,"9047604,12780790,377105441"
138,138,5a486ccd8ad62e53eff62c8c,0,
139,139,4c6c8a0c99b9236a5506e3c9,0,
140,140,3fd66200f964a520dcec1ee3,62,"67111169,134274878,20974931"
141,141,4bd205d377b29c74f9ce8d82,5,"20974931,57023405,21273"
142,142,4bb2595c42959c7430b7202c,845,"191096,11988413,648346"
143,143,4e7dfff477c8f5d90d9932be,0,
144,144,4f3273a519836c91c7d9284a,0,
145,145,439b6598f964a520e12b1fe3,365,"368289,1968580,32545461"
146,146,3fd66200f964a52024ee1ee3,189,"497372684,35289418,83888680"
147,147,4af1eff3f964a52088e421e3,22,"963716,34360275,13987360"
148,148,4bc3a2f974a9a5931edad4f6,250,"27331974,150092796,128153366"
149,149,5288394411d2aa92d03da463,0,
150,150,50f1ef00e4b0e2cb86ae453f,34,"207390,485159688,148954178"
151,151,5b7d8bde06fb60002cbc0b17,55,"22567166,11247297,2462192"
152,152,5a80ea27c58ed77c7cbcd80c,58,"2444805,414597657,89160443"
153,153,569d3eb4498e051e26ae85b1,58,"196956,358782548,208830785"
154,154,558f6749498ee19e0ca67e24,40,"63022,415405663,5323544"
155,155,572fa3c5498ec2eb89e95319,37,"125915292,10059"
156,156,44646408f964a52026331fe3,1610,"8952277,86484225,10039298"
157,157,4f45024119836ed0019817f6,0,
158,158,55876ba3498e08016ede6a73,100,"96274621,92846982,78072"
159,159,50be8ac5f31c223ae77cdeb7,322,"29245643,1327493,6711873"
160,160,4f244fe3e4b0a93fbec920fc,2,467035952
161,161,4ae217faf964a520a58a21e3,6,"369777631,148325559,3219857"
162,162,4a95955af964a520c52320e3,24,"2178362,6173618,55603"
163,163,555cd4e6498e52b9e7bfd9d5,40,"3054419,85507091,27420"
164,164,4f328f1919836c91c7e39c07,0,
165,165,4a5f8994f964a520d5bf1fe3,1141,"9628989,132520846,7096533"
166,166,49c47c87f964a520c6561fe3,1,68944
167,167,58e02934dfa6ff63a9cb9daf,0,
168,168,55078d2c498e3349e065926f,100,"451,163911438"
169,169,4c0095c6379020a128d1467f,357,"2136149,73097697,1625023"
170,170,43dc103ef964a520992e1fe3,661,"488181394,13065375,11111871"
171,171,4f326d6e19836c91c7d6cc1b,0,
172,172,4e4cc842bd413c4cc66c1ff3,0,
173,173,4e233347ae6015b212b7dd6e,162,"10059,12938459,75325217"
174,174,52be6eb6498eb3256dfffb97,0,
175,175,4e4d0360bd413c4cc66dfc61,0,
176,176,4f321f2a19836c91c7b82357,0,
177,177,580307d238fa2724ad76e74a,0,
178,178,4a2937f2f964a52068951fe3,658,"73692527,67839792,210454598"
179,179,4b130e19f964a520709323e3,3,"95499512,20760969,5960256"
180,180,5907aa1c178a2a76066e0f59,290,"11794743,23829027,513614552"
181,181,4f3239ba19836c91c7c28816,0,
182,182,51eb348d498efde2657abad0,60,"15272514,1245147,333789"
183,183,4d8954f56daeb60c5abd4de0,0,
184,184,5b0dfa8c112c6c002cfcbac0,1,1350791
185,185,454f45eef964a520d43c1fe3,110,"148642865,26414,1941824"
186,186,4c7a9b2ea8683704cd1f144d,0,
187,187,43cc06a3f964a520c72d1fe3,293,"3366114,513137289,3419630"
188,188,4f4502d819836ed001981c06,1,24190667
189,189,4bde0311e75c0f47488cc603,9,"50043550,15272514,223356849"
190,190,4f3295db19836c91c7e62d77,0,
191,191,592f829f0d8a0f7282e8c7c4,33,"10917772,17003586,149225152"
192,192,4e25c586227197a9df0ccea2,1,5276790
193,193,4bec8958c43f2d7fd40fdcd9,0,
194,194,56ae763138fa86e54755aa26,73,"84715936,1614,13197713"
195,195,5c170ddd5f68b9002c632e5c,1,69868
196,196,4ec598ffb634b2fd723d8c01,1059,"95441798,69408,2097870"
197,197,3fd66200f964a52017ed1ee3,258,"58840898,10409332,148954178"
198,198,55dfdff7498e10ec1a9e2b8c,157,"11457176,141644946"
199,199,590fa026d1a402271d6d1336,95,"20974931,74090282,69074205"
200,200,4c1d727a8b3aa59351ab9a5f,0,
201,201,4b7715bff964a520d27b2ee3,21,"14057,507787589,432644521"
202,202,4c966048f244b1f7b0e6331d,1050,"205432,59324,490026029"
203,203,4e0a83f41495b12d82382c71,241,"15272514,1376812,21056560"
204,204,596f7dac851de55ed93ce160,91,"210244,28817774,2341398"
205,205,572549ac498e31b01844fdc4,0,
206,206,516198aa1648a1828af2963a,349,"1903326,356293196,515589861"
207,207,4cf98c3aee9cb60cd0d284ad,0,
208,208,55f39717498eab249a7fc0b5,137,"1864085,520456076,4147554"
209,209,417c4200f964a520c71d1fe3,327,"335015673,4474649,1119698"
210,210,56ebfcfe498ef3bbffe5d72f,62,"50002,34861,843669"
211,211,5c02e7935ba046002c49e6fb,0,
212,212,4b0d8fe5f964a5201e4b23e3,569,"77477441,447225333"
213,213,5b538056dd70c5002dec092c,45,"843669,13105937,21385"
214,214,4f4c3b8ae4b0f9202359da21,199,"189766,3983692,37798885"
215,215,57c7197b498e11f81386be55,2,"414884617,85507091"
216,216,52c8aaa411d2c75d43e29ee4,313,"1391769,154638,28817774"
217,217,5763027e498e386d3d9e9860,184,"821905,46271761,146452267"
218,218,58a14c5d16f000694e6b9ee9,11,"147499227,7279263,31217106"
219,219,3fd66200f964a520a9ed1ee3,436,"10588534,52070315,514349550"
220,220,57fc2013498ec2b5a315b412,174,"526177879,10798236,8997969"
221,221,5b2168db9d6a19002c3bdad2,2,"128022948,90474909"
222,222,50df5bb0e4b028f656e569cb,66,"2056637,63897516"
223,223,49fa41c3f964a520e16d1fe3,64,"26027401,721013,198143"
224,224,5105ed2fe4b02d11de1bae8d,799,"25545603,135721999,71709770"
225,225,5b09e2e398fbfc002c028929,4,"67939097,13839018,1140348"
226,226,5071ee68e4b0e156bb2c599e,32,"17526515,1047239,2283563"
227,227,4b039d7af964a520e74f22e3,20,"16536556,1744492,146245060"
228,228,4adb9f2df964a520762921e3,319,"53386560,11362313,215275325"
229,229,4f32184a19836c91c7b549a1,0,
230,230,5340b4de498ea94402a6fbc3,38,"424924611,207390"
231,231,4a414f7af964a52013a51fe3,62,"2604111,481091953,8933297"
232,232,4b842e9bf964a520082631e3,10,"7887310,12001,82594282"
233,233,529d49c111d27cfebb6c8740,18,"91139854,883726,650003"
234,234,55048172498e7103742827b6,25,"518204433,327253468,3197434"
235,235,55397523498e9909f3edd32d,3,"9049241,79774,772058"
236,236,4f667c10e4b087553ec4c80f,0,
237,237,4d0ed2065b8a8cfa0c8fec83,4,"42297306,19089017,5379929"
238,238,4c8ed0d9f9c1199c883bbb49,138,"3708611,1363434,41780015"
239,239,4b36aa2ff964a5203e3a25e3,151,"80589,5520269"
240,240,4f8709dce4b013a97e59c52b,0,
241,241,4b2edd7df964a520a2e724e3,56,"866,17719039,6361367"
242,242,5914b694a0215b4825f3c8e1,20,"9019652,2261272,127565905"
243,243,4b65edd2f964a520f9082be3,18,"59655,61105173,3202140"
244,244,4f0676495c5c330308844738,51,"80360379,500091794,18960930"
245,245,4ab31218f964a5206f6d20e3,69,"10896,7113951,19493281"
246,246,584b00068f0be42a4dbf33ed,108,"16999799,50566882,2078608"
247,247,4b3c15fdf964a520958125e3,5,"55027098,70593321"
248,248,49dd5b31f964a520fe5f1fe3,274,"33052038,24608805"
249,249,4a8972e5f964a5200b0820e3,33,"41221,67839792,80767690"
250,250,4f32756419836c91c7d9d061,0,
251,251,5803070238fa797fde2399c3,0,
252,252,4f32508819836c91c7cb9110,0,
253,253,4c117172d41e76b0996e310d,5,"288971,111410857,4494102"
254,254,469019cbf964a5209f481fe3,1487,"18162045,509556711,54699429"
255,255,519f86f7498e987ba249a7e3,1,19846906
256,256,43c148e5f964a5203f2d1fe3,199,"80968826,1765,11585914"
257,257,49ba70ecf964a52063531fe3,532,"275803,27012431,151336525"
258,258,49eb8289f964a520ea661fe3,680,"88094160,438714661,151703272"
259,259,503aa35ae4b0caef779070d2,28,"6225059,4685054,77062"
260,260,53b468eb498e33ae0a11fef4,1,244351
261,261,548ded69498e3012587bdf50,42,"2649439,453685951,10689933"
262,262,4eda64588231efe38f622eac,356,"31636820,82208967,82820382"
263,263,4f32217119836c91c7b91615,0,
264,264,569e776c498e9a9153e07a25,0,
265,265,5a60ef49e1f2287023c5088d,6,"329531280,4714840,10888569"
266,266,4aba7ea3f964a520988120e3,106,"10798444,148493952,136719540"
267,267,4b7c47dbf964a52061892fe3,1,1617292
268,268,56c6aeb4498ef074fff49ba2,27,"4352,508487229,65693226"
269,269,52b9eeaa498e310e9d0cbc50,361,"115500,10917772,140810170"
270,270,4f8dac89e4b0194668d552d8,0,
271,271,4d8eabc7d265236af9a71017,313,"72485106,74384908,1677418"
272,272,49bc5f17f964a52031541fe3,143,"12069518,50299511,364837"
273,273,4a011045f964a520d5701fe3,156,"12690610,31893645,55428746"
274,274,4bd73256e914a593eab450fa,4,"10520720,133472779,60879724"
275,275,4c5361c530f92d7f7c8aabb8,0,
276,276,589f9cd575e13747e9a6b8c1,11,"23134342,56854179,497372684"
277,277,535acdb111d2d5f9d8bcef72,64,"2174775,2178937,4083549"
278,278,4c7712fad06b224b1086fdd6,0,
279,279,50b51878e4b0f0bb9dca2aff,314,"70820,1945309,493391"
280,280,4f440ecb19836ed001920f9c,0,
281,281,523f8d55498ed5f83f304633,123,"478010861,17547033,453037902"
282,282,4ae4ff0cf964a520f49f21e3,43,"25089164,16725544,506227"
283,283,49ee35c8f964a5203b681fe3,157,"20459137,1568661,53172147"
284,284,55b2e2cc498e76fa9fa986fa,0,
285,285,4ad7d10ef964a520060f21e3,7,"164412102,24261101,4450009"
286,286,5963a750f00a706a942cba29,20,"3536727,489146198,381990257"
287,287,4b54d614f964a520f1ce27e3,19,"168527,87451,539"
288,288,5233d27311d2cb47b6b3ea86,1,5276790
289,289,4af5d67ff964a52094fd21e3,23,"1803465,48363001,87960443"
290,290,50ef30e4e4b00a55d27ff6d5,447,"2462192,518204433,694006"
291,291,4b807d22f964a520027730e3,7,"20974931,40794010,27768522"
292,292,4a05cfc3f964a52079721fe3,33,"1498119,3793351"
293,293,4ca4d6a3d7c33704acd2ac62,550,"102314659,47071008,70203858"
294,294,529d042f11d29f169db68cd6,0,
295,295,49fa3e4ff964a520dd6d1fe3,91,"48368,63833594,53909131"
296,296,4afcc0c4f964a520982522e3,38,"496448874,1024758,4627873"
297,297,52fa8f4511d2aee7d4af7824,21,"450828192,3003890,36450436"
298,298,4cef1e637b9437043f103153,0,
299,299,4a9025b2f964a5203a1620e3,44,"5242718,134149,148493952"
300,300,590dfe14c8b2fb0a9a084967,50,"82269134,500091794"
301,301,5036e1e4e4b0c173555542aa,760,"75709920,450705930,106542848"
302,302,4bc7977914d79521c4b167e9,15,"39497,94678976,441005"
303,303,51abb0a3498eb42c0d5cf324,546,"102314659,14849737,19712772"
304,304,546960f7498eac74bd5baf47,10,"44805763,7218267,74176764"
305,305,50300ea6e4b05159d578bdc0,0,
306,306,49b1a93df964a520d9521fe3,734,"5095203,92040207,8933297"
307,307,50e8f55ce4b0fe07d7d749e1,0,
308,308,4e877ad2b634ff259786ea43,0,
309,309,42814b00f964a52002221fe3,2220,"162714,550986,7158"
310,310,5b08d4d69f8a9f002cdad0d1,2,"3523,1642637"
311,311,5a94cffea6ec982aa0956a51,32,"11499076,34264,43322564"
312,312,5806c53138fa48321106a825,0,
313,313,542616e8498e7e2b1a06433d,138,"5001248,5131275,43864552"
314,314,55c6bb54498e2947d5f7b170,65,"25089164,11021180,645907"
315,315,5b98773235d3fc002c3a1332,9,"1100590,37479377,20974931"
316,316,4b6d3fccf964a520816d2ce3,6,"787593,55027098,33279798"
317,317,4ec8bf196da1d109301fbf18,0,
318,318,4b37b7a1f964a520f34425e3,9,"55027098,3058291,57999808"
319,319,4f56b36a6b7406c0ea010e9b,31,"110288952,90138668,13475"
320,320,5488b65a498ef6757a498fe5,36,"573502,12064928,39437540"
321,321,56a2b740498e33710f41809e,1,67839792
322,322,4f106ae2e4b0253d4b989ff9,0,
323,323,58c1e3d8d8b0ed06f9f21a80,33,"44149072,21160475"
324,324,57aa9e10498e5f5ea1622eb2,1,453037902
325,325,4ba83f78f964a5203dd339e3,1,2382477
326,326,59c0054f603d2a17e378089a,20,"369777631,62810942,376963047"
327,327,52c74e73498e2c610807c6b8,80,"5131275,484320850,2203325"
328,328,4a654e75f964a5207bc71fe3,2,10102509
329,329,4b78bc3ff964a520fddf2ee3,24,"547758,24608805,76484951"
330,330,4ef52a378231b0d6238dd471,886,"2136149,74090282,484320850"
331,331,5632c07e498eaa6c566acefc,361,"524787596,2157053"
332,332,4b3fd429f964a520e3af25e3,13,"52065968,17690413,6037234"
333,333,4534010cf964a520923b1fe3,122,"20161939,18268923,19089017"
334,334,4a862f58f964a520b40020e3,38,"3290019,32886577,506227"
335,335,5267321211d2881bf77c2f84,34,"144163799,17632363,10888569"
336,336,560461b3498e93e852864f6b,94,"101747,19722813,144163799"
337,337,5432f08d498e64bc7d6f0a31,157,"9851430,3054419,151008793"
338,338,4f326d5119836c91c7d6c083,0,
339,339,57d47dd6498eddf03b8b7517,37,"138556037,335610340,167608798"
340,340,49cda4adf964a5200a5a1fe3,313,"100333936,1772149,13930311"
341,341,5a39fe4a08f521342eecc1fb,30,"1060112,44274082,3341573"
342,342,5bb777eb9fca56002cc5e6d2,11,"17223277,74439676,483738065"
343,343,4ad39371f964a52003e520e3,23,"2902759,73097697,333567"
344,344,4f44a9dd19836ed00195a6db,0,
345,345,4b609d00f964a52048f029e3,5,"55027098,9160759,59461753"
346,346,5c05c86e1af852002c60e328,0,
347,347,4bd34009046076b0cf937571,14,"23736402,2011816,2116038"
348,348,4c314abf452620a1ab78200f,0,
349,349,53b4dd52498eef48c82d89a5,349,"547583,333177361"
350,350,4ce8842bd99f721e032db173,4,"7738170,143640014,644526"
351,351,53f914d8498e1ef0fe04474c,285,"130936029,139741792,145906011"
352,352,4c4de2d992b6a5936878076f,1,40539925
353,353,59d9e7be805e3f31744f297f,5,"550948,55027098,31339952"
354,354,4c4b48289c8d2d7f53e1c06a,0,
355,355,557261bf498edb3cc0a2d12e,19,"377733142,1252926,100110705"
356,356,5453f24a498ecdd6e436e70e,420,"3271218,29245643,143329850"
357,357,5aebbd2110b303002450e2f6,2,"772058,10660975"
358,358,58c384981d21ba792eededf5,6,"92181217,2654773,6952551"
359,359,4aea176df964a52047b921e3,331,"7774581,19403130,8933297"
360,360,588e3e6632b072494c6cf57e,11,"12367716,41221,144054290"
361,361,5aecd497628c83002c67de8e,66,"2359,1042437,3431198"
362,362,43601880f964a52023291fe3,231,"112087227,52122727,506227"
363,363,4b4ab441f964a520378d26e3,0,
364,364,4b68e85ff964a5209b922be3,5,"20402935,55027098,56041095"
365,365,58b9df4ac30f797a72eb0120,0,
366,366,4d5763abc406a35d3115e84a,0,
367,367,5377b22311d201915ac775ee,211,"1027913,16217614,4083549"
368,368,4af392cff964a520b0ee21e3,20,"41221,7363771,63841595"
369,369,573e76dc498e03b8b9bb4e9f,14,"85507091,33382554,49251447"
370,370,59fbc94afc9e941a27bde064,46,"19712772,14614"
371,371,581944f72956e66bf36c5910,52,"10454574,2487264,1353539"
372,372,4a712f71f964a5202cd91fe3,54,"152308832,408965,51129250"
373,373,4101a680f964a520600b1fe3,159,"24617042,11585914,135721999"
374,374,4d065736a26854819660c1bd,87,"11488493,251553,71523"
375,375,573e8ba3cd102b8b7351f55a,259,"480786155,468624122,11708637"
376,376,4a789bbbf964a52004e61fe3,843,"33507960,21100"
377,377,56185534498ef8b350a6d8a4,10,"70203858,478828601"
378,378,57b3ba13cd100318b215b5ba,7,"453037902,24608805,4959608"
379,379,554d3a53498e73f71818b4be,76,"1336712,149789344"
380,380,4dcb551c8877502200d4100b,4,"12367716,635870,3271218"
381,381,49f356f8f964a5208a6a1fe3,1151,"212963368,7135388,23829027"
382,382,4b5fca25f964a520cecc29e3,8,"154605135,55027098,98601079"
383,383,4e54752db61c93816c09a9d5,607,"384373147,101747"
384,384,4b63b31cf964a520d28c2ae3,17,"487720669,439453203"
385,385,473b4138f964a5205a4c1fe3,98,"77722,86617420,476"
386,386,5add271ea795bd5ffaea4105,32,"153646,73807927,16001498"
387,387,4411a710f964a520cc301fe3,93,"29245643,88295,20739970"
388,388,49f796fff964a520c06c1fe3,103,"87714005,12367716,11920417"
389,389,5321f3a7498ed83987e1a90e,260,"487782182,77544656,77062"
390,390,4bbb870a51b89c746152862a,3,"55027098,29685753,20402935"
391,391,5b90484023a2e6002c7b7e15,2,"2157053,14978807"
392,392,4ad152fdf964a5200dde20e3,39,"2860406,77062,10158771"
393,393,589d125b005a0f47b970b12b,239,"87078185,12853829,102314659"
394,394,49d97f0ff964a520405e1fe3,71,"343593353,148954178,41171614"
395,395,4587a2b6f964a520c63f1fe3,310,"11165594,58380858,323932"
396,396,4a51716ef964a5200cb11fe3,14,"51041316,4069646,6588451"
397,397,4c2919739fb5d13a1c9f9a57,0,
398,398,5af63fb8f8cbd4002c763853,39,"61156,1093344,129297562"
399,399,42ec1480f964a520a1261fe3,203,"1278582,20161939"
400,400,5257393211d2fd3560889678,14,"8717,64320801,444925484"
401,401,4a5a3157f964a520ddb91fe3,706,"103341,6567625,1088501"
402,402,58ec10b1fbe8ff51800668de,275,"97572,493412059,18175517"
403,403,41044980f964a520700b1fe3,358,"10940853,5345736,16713988"
404,404,4d0d8496f393224b8f131dee,1,69801966
405,405,5706992a498eebea991b6548,42,"8216464,38905625,192990"
406,406,51c655f2498e6def8b699314,18,"4330689,127220731,23547714"
407,407,46ae72abf964a52085491fe3,55,"4406240,132520846,7266"
408,408,4aa0126af964a5202b3e20e3,22,"164063649,215517187,49669809"
409,409,4a0f4909f964a52047761fe3,22,"517319636,92181732,8785522"
410,410,5a9c2de4b9ac3832c40964f8,0,
411,411,440db456f964a52097301fe3,406,"483780704,17522996,2712450"
412,412,4eff718f722e0f0771aa0717,448,"520456076,247801,9878670"
413,413,43179600f964a52069271fe3,56,"48727983,15272514,2802906"
414,414,5043f8e2e4b00a580560990c,0,
415,415,4ee4fc3dbe7b4845a4cd9894,4,"12367716,439453203,150017812"
416,416,59611b77123a19106a6a4de7,67,"77062,3921798"
417,417,4f6d8c5be4b0738fb248f5a3,0,
418,418,4ae4d429f964a5208b9e21e3,6,"104880983,5276790,78648"
419,419,55f88fbc498ef7ef0fa8db74,394,"23829027,64149242,9919672"
420,420,57ddf3c1498e666bd77106df,0,
421,421,4aabcfd6f964a5202c5a20e3,10,"163727,9021115,101747"
422,422,59cc3c40b37e2b6989a28261,25,"344429854,69232,30592165"
423,423,4d7b32f2d1c28eeca58a0774,69,"470903579,477970827,53713836"
424,424,4a999200f964a520202f20e3,65,"144911,528184,32419"
425,425,4f16eb51c2eea9e9912b089a,238,"17553944,13497883,105760433"
426,426,522a875e11d254c090e0e8a8,4,"533002,58577961,3817341"
427,427,49e37998f964a52086621fe3,302,"140364597,64455687,579314"
428,428,4a832ca5f964a52047fa1fe3,26,"41286262,10486476,31339952"
429,429,53fccde8498ea58106fca145,43,"1011966,14978807,201457"
430,430,56b583ff498e0980089a5855,109,"78171467,7348762,237"
431,431,4e541bca1495ac3f023040fc,0,
432,432,4a3e9f70f964a52027a31fe3,48,"144911,12976,30506869"
433,433,4c534615f5f3d13a995c35f8,5,"18725208,644526,3523"
434,434,5bccffc06fd626002c7096a2,0,
435,435,4a390f6cf964a520179f1fe3,160,"4874430,478,66464877"
436,436,4b5d0b33f964a520375029e3,7,"115548,4016866,2546865"
437,437,53977796498ee68a348469aa,448,"81395,275803,89245692"
438,438,443fde11f964a5203a321fe3,155,"201457,92084568"
439,439,4c409561ce54e21e0fbd091a,0,
440,440,43bc1889f964a520f72c1fe3,206,"20097660,337167244"
441,441,443fddaff964a52039321fe3,134,"46976084,40849719,507161"
442,442,4b9d47e2f964a520c39f36e3,46,"140124,470113748,68974623"
443,443,511ab11fe4b078c672896eab,1143,"7249175,450705930,37798885"
444,444,4b97141ef964a520e5f634e3,4,"58649926,11762878,57703135"
445,445,47629427f964a520e54c1fe3,385,"91074852,31636820,30662785"
446,446,4387a580f964a5200f2b1fe3,225,"129789,132882049,39252"
447,447,4af5e7a2f964a52097fe21e3,12,"10158771,77062,154605135"
448,448,4391b651f964a5205f2b1fe3,49,"15004623,13967186,61107"
449,449,4e517413483bb770492bf501,0,
450,450,54c46647498ec3e20f48bcde,281,"450705930,29245643"
451,451,4b9a1de6f964a520a29f35e3,7,"547758,27768522,19714643"
452,452,427d5680f964a520a6211fe3,174,"136780964,61532924,43998950"
453,453,4f32206819836c91c7b8a806,0,
454,454,4fa4a972e4b0e7038abbe1e0,0,
455,455,4ab96dc7f964a520587f20e3,46,"124824220,344190627"
456,456,599fa315d4cc98793372bb7a,40,"63102636,10409332,136728"
457,457,3fd66200f964a520d3ec1ee3,126,"5058,448682800,392617663"
458,458,59b5f497be70782b654f7d89,0,
459,459,4b8091dcf964a520a17d30e3,2,"126887610,55027098"
460,460,4c64b533dddfa593c57092ff,2,"23930917,31980720"
461,461,4c20c3ded4dec928b8df1b3e,9,"866,123357348,653601"
462,462,4fd67aaee4b05b989e3a79a9,251,"520435225,133829,361500730"
463,463,4b8c4239f964a520fbc632e3,2,"10520720,28004531"
464,464,51fd7b3b498eeb50fe51d9a8,631,"128544229,27197,148228416"
465,465,4b8761faf964a520d4bd31e3,24,"515589861,450709545,1150812"
466,466,573b2c2f38faeff59fd2c102,1,149240153
467,467,4d76aae2b483a0932ebe9305,14,"985394,104880983"
468,468,55a0aa3f498e89f153b1e0d8,118,"15272514,148954178,81768254"
469,469,55edf798498eb1e25050cd49,0,
470,470,569d3be5498eb5f352825fd1,23,"497372684,50218186,44659"
471,471,4e0bb9f2c65b977a2088993f,1,1100590
472,472,56995964498e62132be29321,97,"9337194,7572857,191096"
473,473,5a5adf30c47cf954ca358fd4,26,"2157053,31536391,149789344"
474,474,4e9508ce5503cac97c13ef5c,2,"58037260,95837361"
475,475,4b71ed7af964a520b3642de3,957,"533647,51855252,910597"
476,476,4b67323df964a520c9402be3,19,"154225269,72464329"
477,477,57bd06c8cd10e903763a7664,33,"452963487,211794109,447225333"
478,478,3fd66200f964a520ecec1ee3,159,"347348252,51516043,43792057"
479,479,4adbb79ff964a520302a21e3,27,"410601118,95978700"
480,480,4b5cc44cf964a520fd4229e3,1,78010
481,481,5875b77ae03e576337af382d,12,"40037707,130936029,150276017"
482,482,4a2c11a3f964a52019971fe3,13,"402596,11455899,4086727"
483,483,4eadc196490170218c6e8b88,0,
484,484,533cc33f498e604ebad95d8c,1015,"100802889,201457,110044473"
485,485,40870b00f964a520b6f21ee3,123,"450705930,343944541,94678976"
486,486,49ca9035f964a520ba581fe3,274,"358973,151336525,1498119"
487,487,3fd66200f964a52025f11ee3,591,"7113951,16507,92202000"
488,488,580c106738faf1db47d6f127,4,"4524150,23510631,20443760"
489,489,51a9a958498e89dba10731fc,83,"93284988,8357287,870440"
490,490,3fd66200f964a52066ed1ee3,931,"27953845,19629"
491,491,4a57fd7ef964a52031b71fe3,23,"506227,47854262,17832362"
492,492,44d3ade1f964a5204b361fe3,758,"517329054,2371535,81395"
493,493,583a2dd613af1c57615dd3ff,4,"517319636,1990080,2351082"
494,494,4f43b62f19834bc91f586ade,0,
495,495,530e9b5c498eb07279ec8974,36,"500091794,124612320"
496,496,56e9c146cd1010f9eb145c99,0,
497,497,4e5bee078877c8a76e05cb94,0,
498,498,4c87d7f214c4b60c2b1c2335,8,"91139854,539,397790534"
499,499,54d84575498e446845ad37d4,1,9983535
500,500,4bf313f7370e76b0c956bd4a,503,"843669,54125,972896"
501,501,536459bf498ef8322d743265,2,"5384380,4379882"
502,502,5bb17aba1de765002cb97a61,7,"1336712,325140,194841"
503,503,413f9d00f964a520631c1fe3,139,"188280252,34360275,18630"
504,504,4a0665bbf964a520f3721fe3,230,"550986,25055782,33382554"
505,505,5941f709898bdc060880ee9c,18,"24914929,20459137,1619806"
506,506,4c2176b99390c9b61127c9cd,572,"73497770,19065149,48727983"
507,507,4f327a9c19836c91c7dbc96d,0,
508,508,547cd07d498ef3265ffc5a75,515,"134630049,16970,51871889"
509,509,4c44d4b9dcd61b8df9e67b56,1376,"9638,84877849,450705930"
510,510,5beb1a0f9e3b651294db89a3,0,
511,511,5ba2d673018cbb002cc31818,0,
512,512,4ddc50bbd164236dd371b0b7,165,"18380555,2781,20974931"
513,513,4b1d5ebcf964a5207a0f24e3,10,"772058,386340150,97585886"
514,514,4a8d850ef964a520dd0f20e3,9,"54565807,51364331"
515,515,57b524c2498e9a3ecba789da,114,"93600661,17006763,64"
516,516,50243fd229a61e4b21a26e16,769,"520435225,215275325,482326099"
517,517,4ad3c458f964a52037e620e3,35,"10888569,547583,4330689"
518,518,4a02655ff964a5204d711fe3,61,"82116502,15310705,153453"
519,519,54d14561498ecb61eca88c0f,31,"113801825,37845221,1340471"
520,520,540a6e1f498ebb802da39cb9,4,"128153366,333567,12891064"
521,521,4a7e4593f964a520a8f11fe3,189,"5001248,10039298,77062"
522,522,50292c37e4b07a366d3332d0,2,"43708174,86974886"
523,523,50bc0b44e4b0118a6200fee6,0,
524,524,54ea1afc498e12af65963097,57,"2295494,8357287,11585914"
525,525,59697a258d0a536683adf363,0,
526,526,4a625b58f964a520d6c31fe3,860,"44875488,92032,14570289"
527,527,42814b00f964a520ef211fe3,720,"5473645,41575583,13427821"
528,528,5823c2cdffb2193e58703e34,8,"1150812,16713988,147288055"
529,529,4b85bbf0f964a520e06f31e3,3,"2378383,1150812,10379088"
530,530,52f934d711d2f1eaaa247732,39,"4959608,11920417,123633980"
531,531,4a6393bdf964a5205bc51fe3,9,"5276790,57025841,2822763"
532,532,54024696498e2fef352d2586,451,"19417255,42496044,330062225"
533,533,4cc0b6dced033704295da923,728,"29294310,29128710,145269489"
534,534,4b7eef4cf964a520850a30e3,1,55027098
535,535,4a354111f964a520ad9c1fe3,718,"13047263,37798885"
536,536,4fcbb80de4b00865ccfedc75,47,"19182857,39364220,512725627"
537,537,4be72d932457a593b8a6ad15,30,"8823807,396418692,77544656"
538,538,43fa0185f964a520d82f1fe3,55,"466153194,134274878,9876955"
539,539,4b05c113f964a5207ce222e3,4,"12284527,408965,23285667"
540,540,525ded0c11d25a209c704b01,368,"9274373,464289251,60679887"
541,541,3fd66200f964a520ccec1ee3,99,"10776590,360200185,507459741"
542,542,51a3d2f7498e91a160632458,0,
543,543,501ec87fe4b067f6ad7a2832,929,"2373066,492344410"
544,544,4a73619af964a52050dc1fe3,234,"694333,256675,14199651"
545,545,5aad60a0d41bb7468e32c645,2,"154605135,256994"
546,546,56a52b02498e66937df2494d,20,"17307668,144911,19963560"
547,547,519ec122498e505febe8df9b,89,"69278,1063103,85297671"
548,548,4a91b32ef964a5206c1b20e3,21,"452079789,24677730,12102369"
549,549,5413d45a498edbe9410daa5d,13,"35303686,344190627,3501290"
550,550,5ac84d31286fda1ffcd8bc04,2,"127220731,439191146"
551,551,525c449e11d20ec2c8e718a6,362,"1331854,33803865,136688610"
552,552,4f321c2e19836c91c7b6e331,0,
553,553,56f2092e498eac8f5f0799c8,196,"15004623,77142280,544341"
554,554,54c2a5e4498ee52a438800f7,674,"653696,394676211,58749"
555,555,4f324a5619836c91c7c92296,0,
556,556,4b2be97af964a5207fbd24e3,18,"697142,381990257,77062"
557,557,4eea6f00f9ab8fc95f202984,35,"39833,8785522,77062"
558,558,49e94be7f964a520e9651fe3,25,"17290438,39351,344190627"
559,559,4b7ef75cf964a520ee0c30e3,1707,"490026029,450705930,116633"
560,560,4a6cc05cf964a52084d11fe3,58,"80993088,452136092,446265872"
561,561,43c12ef9f964a520392d1fe3,222,"80438711,497108819,102643105"
562,562,4f32878219836c91c7e0b830,0,
563,563,3fd66200f964a520feec1ee3,272,"204926998,932169,10059"
564,564,4a664abcf964a52056c81fe3,15,"54295,16536556"
565,565,5b68ff0964c8e1002c33b795,0,
566,566,4ebdd59129c25ce5a116081a,3,"5473645,9689,540"
567,567,4a73a3a9f964a52009dd1fe3,15,"5330652,15788509,71709770"
568,568,3fd66200f964a52032f11ee3,105,"448682800,7617484,192990"
569,569,4a6399c4f964a5206cc51fe3,20,"90769,375623441,68635819"
570,570,537bb0eb498e2777ca31795d,290,"136688610,148954178,1927417"
571,571,4b60b8caf964a520e9f529e3,3,"24198598,33827186,85168583"
572,572,5a923502b77c775328477259,0,
573,573,48484314f964a52074501fe3,448,"104839446,95603582,390501954"
574,574,51e06601498efac3cfe81615,1,91139854
575,575,56a41b35498e83d8f83a32af,3,"5842,55027098,30783817"
576,576,4b78acfdf964a52063dd2ee3,197,"6744729,164267440,6022825"
577,577,4a1df709f964a520b17b1fe3,39,"91184846,2760,55027098"
578,578,4cc4a5f6dba3ef3bd29c0705,286,"196055007,24664541,135118758"
579,579,49a2545cf964a52094521fe3,1450,"59324,520435225,24348084"
580,580,4e1277be18a84f0f031daa4e,0,
581,581,4be4bf122457a593e2b9aa15,0,
582,582,4a2be6f4f964a520eb961fe3,111,"170680,90844013,136795496"
583,583,44bb7f29f964a52090351fe3,116,"330812728,450709545,6376193"
584,584,4c101594f1b6a59373557b27,0,
585,585,4a6b8478f964a520ecce1fe3,11,"91139854,11776894,702728"
586,586,4c5a3a9804f9be9a9b78f160,0,
587,587,511c234119a980d7108a70b9,1974,"34360275,71962827,52893855"
588,588,57fbb40ecd1057f331ffd3e3,155,"496307882,17463271,13065375"
589,589,5748936bcd109632d6418881,17,"92202000,39470,3093955"
590,590,5ac993682b984427e9e6e748,4,"21583,20974931,89905587"
591,591,4af09c87f964a520a1dd21e3,624,"163727,734855,34510087"
592,592,4a39a40bf964a520a69f1fe3,316,"149789344,1568661,14199651"
593,593,569820fe498e5a031b7c87a8,112,"482368,11877774"
594,594,5913b7cbb6eedb4f7d6bf04c,270,"529684,9439744,3161131"
595,595,49ccf971f964a520a6591fe3,448,"41454,94061050,513274402"
596,596,4b92fe95f964a520572d34e3,3,"1252926,20760969,15156109"
597,597,4bc767fd8b7c9c747d6536cf,180,"363183292,2761156,35289418"
598,598,5010936ce4b0abd8740f8fb7,1164,"514227892,198830,12118090"
599,599,475ab983f964a520d24c1fe3,324,"11111871,1769110"
600,600,4ae02b3ff964a520487e21e3,10,"2195109,1161772,4714840"
601,601,53659d8011d27869ecced1ef,0,
602,602,4c0ea20d7189c9288dd1d8b6,4,"2417,3543124,8302269"
603,603,5c15df1c838e59002cb89455,0,
604,604,4e4cc802bd413c4cc66c1e4f,0,
605,605,49c1c6ebf964a520cb551fe3,168,"40035389,16001498"
606,606,4f32490419836c91c7c89e7d,0,
607,607,55f1ea7f498eef987c30e8d1,98,"35761907,135686788,335932958"
608,608,3fd66200f964a52042ed1ee3,384,"334316,96069382,55428746"
609,609,4edf8c1393ad7f74f8c97b93,17,"46717417,3020"
610,610,4d360ff474662d435a429459,474,"148493952,11920417,56381578"
611,611,4cd0a38e5b5ca35de6317df0,604,"452963487,14857"
612,612,5a29c85db6eedb5d6ba3e3f9,57,"9387811,19712772,92908839"
613,613,49ca9ac2f964a520c6581fe3,106,"22260403,67839792,138804549"
614,614,521c020d11d2e666dc2c550b,2,"20336288,31425121"
615,615,4dbf426781545e1cc7ca93ae,151,"153265,1103323,3283050"
616,616,4c3bd7db7d00d13ad4363850,0,
617,617,4ac2e442f964a520ee9a20e3,3,"2286219,6197009,3271218"
618,618,44ff5a91f964a520a5381fe3,1399,"91473498,92092242,5965023"
619,619,4a206042f964a520757c1fe3,278,"151703272,18416175,86458"
620,620,4b94572df964a5207f7534e3,8,"460531017,1088091,120797879"
621,621,4db0bc8e0437a93f7f7a23e7,403,"71523,23181342,445366619"
622,622,5b0a161d6eda02002cc5edea,33,"275803,41561393,214441115"
623,623,4e041583ae60ed89a801512d,75,"1011966,22757260,34360275"
624,624,4aff8b4af964a520663922e3,551,"1376812,20459137,1268771"
625,625,4dc6d704fa76d685ce03b2e6,0,
626,626,4af1e518f964a52034e421e3,4,"43434474,55027098,1137122"
627,627,42b21280f964a5206e251fe3,360,"39834133,94739204,44703049"
628,628,4e9a23fa30f87c966c29704a,0,
629,629,5aecc94a67e5f2002c35e3a3,27,"25141457,5131275,2300214"
630,630,4a00d46ef964a520b4701fe3,19,"11574,600,313846"
631,631,40f9bd80f964a520ce0a1fe3,337,"378619535,6567687,182483341"
632,632,4ecaf09a77c8f5b22bb8c501,0,
633,633,4f08ea3ae4b0ef60ee1736ad,0,
634,634,5519ac54498e38825c713f36,24,"17669475,55027098,458997937"
635,635,49fe8348f964a520a76f1fe3,72,"68319689,2540863,90474909"
636,636,4e32f7af18a8efdb1753a5c0,1,57703135
637,637,4af08d73f964a52029dd21e3,28,"11920417,10520720"
638,638,5140f0cae4b0161c893167e7,685,"1315501,520435225,200389725"
639,639,4df15c6bc65bf55ee522aada,67,"42786540,2178362,9492038"
640,640,5896271e98f8aa7c144fbdaf,7,"3536727,16217614,13189403"
641,641,4a7f639cf964a520e2f31fe3,8,"1088091,67839792"
642,642,52d0a6dc498e22a719e816a7,10,"12367716,1356803,28677557"
643,643,433dd180f964a52048281fe3,481,"12064928,67081756,470"
644,644,58a7c43da4367c16bb57619a,7,"797569,18725208"
645,645,49e22ce6f964a520f9611fe3,743,"149831930,134611640,1350791"
646,646,5aa813eff1fdaf10257cf665,3,"162954463,55027098,10520720"
647,647,56834957498e4abb4a565cde,44,"476,432644521,3877184"
648,648,556cce76498e5e64f11e6971,614,"10195964,4851657,401292"
649,649,4a7501d4f964a52042e01fe3,50,"56965475,54212615,92099231"
650,650,54ee5259498e6903bec6240d,59,"2300214,20459137,14161838"
651,651,4fc541fb7716c8a1e24eec6c,503,"80444471,450705930,132520846"
652,652,57094904cd1079e8d3b3dbbb,8,"256416,11920417,158914"
653,653,5817b85138fa18081795a194,33,"77062,1946552"
654,654,508b5162e4b0167a9d1df679,2,"12367716,12738581"
655,655,433c8000f964a52043281fe3,1119,"11794743,486529002"
656,656,46d715faf964a5206c4a1fe3,111,"55027098,127220731,68974623"
657,657,4f322ace19836c91c7bcc7eb,0,
658,658,4ac81456f964a5208cbb20e3,13,"52065968,5276790,12367716"
659,659,4283ee00f964a520b6221fe3,44,"78069,10798236,444784608"
660,660,43917d6df964a5205c2b1fe3,854,"6037234,1491653"
661,661,51b4233d498ecfb06cd07116,0,
662,662,544673dc498e7ca8b99aa69e,0,
663,663,49bd4db7f964a52066541fe3,15,"10324,74393162,14817447"
664,664,47bae8a8f964a520d14d1fe3,122,"1811451,29259,503847702"
665,665,3fd66200f964a520e5ec1ee3,292,"207390,8903075,10495197"
666,666,521c030711d29828a2b0a260,63,"37857057,402596,144163799"
667,667,4a90d20bf964a520911920e3,13,49745774
668,668,4e5420f4d4c0fe034276481e,2,"381990257,467035952"
669,669,4a669b50f964a520c4c81fe3,30,"67839792,172249,11762878"
670,670,57ac23c1498eef0851316d5e,742,"7454172,74090282,1595543"
671,671,3fd66200f964a520f4f01ee3,103,"1754415,29753011,2847854"
672,672,3fd66200f964a520b7ed1ee3,542,"5499,696800,1100590"
673,673,4b98a031f964a5204c4935e3,7,"7137581,58597523,52580873"
674,674,4c5c7c9d7735c9b63b6e8c72,16,152194532
675,675,54505245498e78f30aadd37c,55,"20732,19331,91774536"
676,676,57378a2d498ea29b09f5fdbc,0,
677,677,584a18826ad73d05c6ee48f3,34,"909709,464015778,51129250"
678,678,510c3e9ce4b0809a7bb59478,0,
679,679,4a91c857f964a520c81b20e3,148,"80438711,127653,199343"
680,680,58961aa1cf11d448aa4762bf,4,"60888166,52065968,10520720"
681,681,4d6dc99b38363704b77f9ed0,3,"5276790,11032702,1494376"
682,682,4a3b2cc5f964a52099a01fe3,21,"498858623,503539846,63897516"
683,683,4a9ec745f964a520263b20e3,172,"59547917,394676211"
684,684,4e06455d52b165b7d7a7241b,4,"882505,51100796,53149962"
685,685,5828cf82a130da30bee04f61,49,"45671,48368,1934690"
686,686,5af1201a029a55002cb9dcb5,155,"10482234,11991335,130279"
687,687,3fd66200f964a52018ed1ee3,1144,"1512732,24558118"
688,688,4a750e56f964a5206ae01fe3,33,"425166744,165204"
689,689,4e654293d4c06542ac28ff2f,0,
690,690,55ad761b498eb936d696c0c3,10,"165204,326569,15272514"
691,691,3fd66200f964a520bdf11ee3,393,"2371535,42453670,15272514"
692,692,43ce64f7f964a520dd2d1fe3,309,"27945,1772149,14198664"
693,693,4d50a1433626a093c29b1cbd,778,"29245643,92181732,51855252"
694,694,55ede944498e721ccfd9948c,87,"7158,58425,189055"
695,695,49dad092f964a520b25e1fe3,327,"77326455,86702,54699429"
696,696,558f35b9498ec4e764d8f2b3,188,"13839018,104839446,78756"
697,697,5387b97f498e1b0d8c0ac95b,122,"130936029,170559,73911"
698,698,4cc0d8fb22ce468800003a47,0,
699,699,4c3e051fca012d7f2ae72ebe,0,
700,700,4b040da5f964a520225122e3,4,"458613050,360734049"
701,701,5b89f7f6a0215b002c7cfd73,3,"450709545,40808,1363434"
702,702,4ae204a4f964a520d78921e3,9,"91139854,8362641,9937694"
703,703,4c4e30871b8e1b8dd9d3c426,559,"132479785,7430957,123633980"
704,704,5679853b498e65e6c4be7310,0,
705,705,4aebaaccf964a52042c421e3,388,"10246954,18372438,414433032"
706,706,53a639f2498ea115343b351d,104,"154313,8564846"
707,707,53beee29498e246c7d0c9d50,1,819632
708,708,4b82f077f964a5205aee30e3,7,"152194532,91733803"
709,709,4f32647019836c91c7d35299,0,
710,710,4a3c0ef8f964a5200fa11fe3,7,"85507091,69438714,10321081"
711,711,4b04bb5ef964a520675622e3,55,"2680623,148954178,476014842"
712,712,51e60310498eca96abdd4a22,84,"10266496,1315501,84397544"
713,713,48071a40f964a520014f1fe3,63,"71213956,401292"
714,714,59b2c89a5f68b932e58e704a,0,
715,715,5aec8f4e12c8f0002c6b9948,21,"9337194,20507527,3523"
716,716,4b0af2a4f964a520862a23e3,41,"472893621,499526973,16242"
717,717,4c7bf78fbd346dcb4bc8fcef,2,"55623702,97627"
718,718,45052b29f964a520e5381fe3,135,"136688610,503847702,396418692"
719,719,5b6a5b1d66fc65002c26f211,14,"26414,1402710,7348762"
720,720,4f32b3a219836c91c7f14a9b,0,
721,721,511c1d15e4b0d03f6aefa838,76,"130936029,30775"
722,722,4ad4a409f964a52078e820e3,26,"569154,179397709"
723,723,5459e645498e480913b7ee7b,366,"56382295,132053,11309284"
724,724,4f43547319834bc91f5604bb,0,
725,725,4a6bd886f964a52013d01fe3,9,"58682,108014608,11762878"
726,726,523bc00411d20b49a72fc444,210,"27645278,437233451,514349550"
727,727,4b230ba2f964a5209e5224e3,8,"18372438,55027098,69438714"
728,728,548b976b498e8beca9ac6641,458,"558271,9438347,525017412"
729,729,4a2debe9f964a52008981fe3,76,"78171467,515589861,8856"
730,730,4f761554e4b06ff834f0a44e,1,2109
731,731,4ff0bd7be4b018853644ad5b,1,59655
732,732,4f7ba65fe4b0f95966da8799,0,
733,733,547f92fc498e37b38e2f294f,38,"146452267,377955,85971927"
734,734,4ffa2988e4b0b8fdab5ae278,0,
735,735,51d3859e498e7eba6ae6ba4d,196,"1342965,476"
736,736,4a75206cf964a5209de01fe3,236,"488814,38363,24677730"
737,737,5802800b38fa8638a2c95cca,6,"43434474,11601671"
738,738,55c22c50498ed3a8d492dceb,21,"61320022,10817821,10049393"
739,739,49ea905ef964a52080661fe3,13,"439453203,18725208"
740,740,49dba3b4f964a520e25e1fe3,610,"10454574,4959608,2755188"
741,741,57da1ace498ed7fdf4662768,72,"1903326,1005461,6552397"
742,742,4c48989176d72d7fae01414d,84,"19802348,90769,475683126"
743,743,5882be339e35d3344d6d57e0,166,"452963487,180949170,82131058"
744,744,555ce0e0498ef57fc07a33ee,114,"1039557,7294540,126547265"
745,745,4a5692fdf964a5206fb51fe3,81,"275803,333098435,148493952"
746,746,4a997d40f964a5209d2e20e3,31,"77062,493655"
747,747,541e003e498ec391c3ed60c9,6,"2011816,127220731,21385"
748,748,59e7d9cada2e006b9e519959,243,"2001397,13839018,141069155"
749,749,5500a29c498e850b6ebe528d,5,"4036541,326977620,4277804"
750,750,4f44561619836ed001938bdf,0,
751,751,4b070b96f964a52023f622e3,47,"475424766,10379425,144911"
752,752,5b3eba3e471d6e002c509f2b,0,
753,753,595313c9c21cb164ba5e938e,0,
754,754,57b767a2498ed88566a92e42,4,"349328,3668901,22906019"
755,755,4b64cc66f964a520f3d02ae3,3,"772058,5276790,5276790"
756,756,4b79d7fdf964a520ba152fe3,16,"463288977,439453203,12367716"
757,757,5b85aed9a5a315002c4e171b,32,"79017,132520846,86011754"
758,758,4f32987319836c91c7e7258d,0,
759,759,4b74e41cf964a5200bf72de3,17,"26088057,151065137,10495197"
760,760,4a58c8b8f964a520dbb71fe3,14,"506213873,7757401"
761,761,525473b711d271643a5047b3,17,"100530259,207313751,1141101"
762,762,52dc198b498e44cc433b45df,7,5071163
763,763,537a5895498eaeb3ef2970cb,282,"16593781,513624701,927131"
764,764,574513b8498e48f43c8e48d0,26,"13488572,342510,8593207"
765,765,47f191bdf964a5208d4e1fe3,11,"55027098,52065968,75419598"
766,766,46840627f964a5202d481fe3,244,"755862,2174775,42815635"
767,767,4f38086ee4b017ad7bab79d7,507,"180949170,37479377,81438254"
768,768,4d0401f454d0236aa38cecd5,18,"79169478,474181787,5781749"
769,769,50e25e40e4b0c9709661255c,0,
770,770,4f9228f3e4b06dd09afc5ccf,69,"3271218,20546,197423251"
771,771,4ec424a60e01a510cce78d42,0,
772,772,42d1b680f964a52007261fe3,545,"67111169,450705930,1562064"
773,773,4bb162d2f964a52041903ce3,5,"18926876,11102461,46247"
774,774,5a1f260b916bc11d05c05186,48,"843669,59324,199805"
775,775,455877bff964a520453d1fe3,1547,"27316,203533901,29242826"
776,776,5324e01311d2e9f6a055d52b,25,"60611,24261101,40231588"
777,777,4ceb52b2948f224bdf58005e,31,"2087092,12812826"
778,778,4a676d0bf964a52066c91fe3,46,"81529088,17387000,801234"
779,779,4e7a4e1745dd963b8707b65c,136,"1953,1100590,3130852"
780,780,561ab392498e1bc38c3a7e8d,96,"12903786,7617484,3073083"
781,781,55721dae498ecafe55931bb4,228,"78680825,21130,30775"
782,782,4ada65fdf964a520442221e3,16,"626661,452079789,16841"
783,783,49e79a69f964a520d7641fe3,184,"866,27331974,9752793"
784,784,4b3d2bc9f964a520808f25e3,12,"506213873,20546,17526515"
785,785,42fd3800f964a520f0261fe3,62,"179397709,126887610,17553944"
786,786,4f3210b819833175d60d0f25,0,
787,787,5b39838e237dee002c82d451,1,23663456
788,788,51ef43a5498e7656932bb532,0,
789,789,57a0e3b3498eda89ed033dcd,1,12367716
790,790,58a8fc412321c67cca7ee144,153,"28527459,49084472,4486"
791,791,4dd75477ae60680f1504fa7e,0,
792,792,435d7580f964a5201a291fe3,757,"26740833,1079510,91761"
793,793,4a9190adf964a520b61a20e3,154,"55946,39497,1147338"
794,794,4ec16b5310810143d37620cd,149,"548089,16001498,148493952"
795,795,43e879cbf964a5200f2f1fe3,978,"23747789,10373446,12935452"
796,796,454f85bff964a520de3c1fe3,239,"1789685,144240,278347"
797,797,4b244110f964a520c76424e3,81,"68319689,62374757,452079789"
798,798,5886c46651666a3dfa1c3aa0,106,"1903326,47917680,152547523"
799,799,58d451f495383907dba37158,112,"317355,2761156,144648160"
800,800,4dc3d818d22dafda2f7b3998,0,
801,801,4ed70cf1f7905836bfa69df2,190,"2136149,170559,963716"
802,802,59f7a53c419a9e1a599e84de,98,"2334050,171641,92089099"
803,803,4abd79c6f964a5208e8a20e3,33,"69770440,1350791,5520269"
804,804,4be5b78d2457a59338e3ab15,0,
805,805,43fed1fff964a520fe2f1fe3,1104,"26996390,154313,17642013"
806,806,4ba2ed7df964a520142338e3,0,
807,807,49adbb30f964a520b3521fe3,41,"120221513,3780246,394026883"
808,808,440d7b3ff964a5208f301fe3,31,"57628,34141,472893621"
809,809,4f32578419836c91c7ce46bc,0,
810,810,4c1e9060eac020a10dec49c2,316,"32314388,1336712,17006763"
811,811,43d3e1b4f964a5202a2e1fe3,30,"42697,8357287,18725208"
812,812,4a415045f964a52015a51fe3,138,"69408,7626827,463411903"
813,813,429f9d80f964a520c1241fe3,242,"146452267,407359880,3839263"
814,814,593fafafa9fe127b508c647a,84,"67111169,10039298,183542669"
815,815,4a401dd7f964a5204ea41fe3,24,"46745698,34264,18668708"
816,816,4f322adf19836c91c7bccf8f,0,
817,817,44427842f964a52049321fe3,36,"11762878,235225,129736337"
818,818,5802f6b2d67c83a19c6bf3e3,0,
819,819,54976d5c498eccc96c62bc55,748,"67111169,21765922"
820,820,543dc203498e48b8d47da1f5,133,"436403049,6738840,1776610"
821,821,4f327d2f19836c91c7dcc154,0,
822,822,3fd66200f964a52001ed1ee3,43,"81050635,51041146,84726662"
823,823,57005037cd100fa4a2babe48,0,
824,824,4f3290f319836c91c7e44c15,0,
825,825,4a692042f964a520a5cb1fe3,59,"48727983,291830,75325217"
826,826,55203ab9498eb807ad0e6da5,255,"91074852,34532290,455277567"
827,827,59dedbfb5161131b0a1ee06d,1,42786540
828,828,5aa14d004186865d6c603888,2,"130936029,909709"
829,829,49f5fab6f964a520e26b1fe3,105,"17526515,87451,221162"
830,830,573b2c2e38faeff59fd2bb9a,0,
831,831,4fb985c3e4b02b949539c7fb,0,
832,832,50a1bb99e4b006efbc783ede,55,"4330689,10379425,2283563"
833,833,5259af96498e426b631b1a3b,28,"245777,487281609,144911"
834,834,4ad808d5f964a520981021e3,40,"130936029,909709,396418692"
835,835,517820aa498e2a21e54845ea,0,
836,836,4b9945c9f964a520456f35e3,0,
837,837,4c3b92084565e21e81f2566a,3,"69438714,993555,55027098"
838,838,4bd732db35aad13a775d8ef3,5,"24261101,55027098,10520720"
839,839,3fd66200f964a52018f11ee3,54,"497372684,3419630,11499076"
840,840,4f3204b219833175d60a335e,0,
841,841,4e434bc61495455b10c04595,7,"151514959,24261101,10703068"
842,842,4bb772dc7421a593f171c040,5,"138826972,5276790,5524994"
843,843,4ba6619df964a5204b4c39e3,8,344190627
844,844,4a0e123af964a520c2751fe3,94,"90823152,46901370,11776894"
845,845,582fadc2a37d7248adbe603d,13,"104880983,88403530,33802578"
846,846,4b1f13bff964a520b62324e3,6,"1252926,179404"
847,847,507c7fe9e4b0f2e0883863d6,78,"3020556,4083549,31636820"
848,848,4b6c92d4f964a52015442ce3,34,"448682800,34097509,110288952"
849,849,50ab8755e4b0869279a80872,831,"7135388,520164,410601118"
850,850,4a944e31f964a520262120e3,29,"2870706,6225059,1088091"
851,851,4c4a1000712ac9287768e56a,5,"154225269,174462903,4857461"
852,852,4ba25792f964a5201cef37e3,12,"10520720,40035389,126887610"
853,853,4e5eaa2f7d8b67dc8ff77135,0,
854,854,4bd2724141b9ef3b5240fee5,0,
855,855,4ad6765ef964a5204c0721e3,101,"161301,23475629,1161772"
856,856,4aff274cf964a5200b3522e3,9,"5503151,1813152,12367716"
857,857,5a91c8feb77c775328ff1678,0,
858,858,59dadea2a4b51b3d78a373b6,16,"22906019,333177361,506213873"
859,859,4ddd32f9d4c082f960d7fe2b,1935,"2474628,56483724,27410636"
860,860,4ade5a6cf964a520447521e3,12,"3983692,1575661,151703384"
861,861,44786832f964a520ca331fe3,164,"1060112,445175220,2408413"
862,862,4ac169e0f964a520159720e3,6,"12367716,1866732,131211589"
863,863,3fd66200f964a52021ed1ee3,103,"6149871,174793979"
864,864,49bed272f964a520e3541fe3,184,"30367023,5079986,42095529"
865,865,4df6621f18a88611c6c65dcc,0,
866,866,44fbed60f964a52080381fe3,393,"21519,13967186,108870487"
867,867,511bfb60e4b08d6c9307f46c,138,"8365010,478601643,93284988"
868,868,4e7fd43ebe7b414d61ef63d8,252,"1392145,1088501,967503"
869,869,3fd66200f964a520efec1ee3,29,"9673060,499440150,12388614"
870,870,545e52e9498e36ee547c6aeb,47,"81768254,25421629"
871,871,3fd66200f964a520d4ec1ee3,155,"1093344,503539846"
872,872,50942641e4b0e34d622c0643,3,"38584,277913,8756382"
873,873,5748e1f0498e1c0c6d214098,334,"44875488,9517757,450705930"
874,874,50cce6e4e4b0cc5bbf624282,20,"419,82478,11518416"
875,875,4f99aba3be776dab0ccf954b,89,"513392093,11079746,192170462"
876,876,4b3be5c4f964a520e47d25e3,0,
877,877,4b7f38cdf964a520362030e3,52,"172249,6220024,140684342"
878,878,5a2737c10457b734e89d1e29,103,"86877771,180949170,25437262"
879,879,51c7adbf498ef321233303a3,1,51962821
880,880,523b598711d27a43cfa0a523,35,"396418692,755198,193277709"
881,881,4f32184619836c91c7b54875,0,
882,882,588510a1af7d1717ff95030a,76,"44875488,52525284,734855"
883,883,5618351f498e69559d3990b7,5,"38584,10021,408630497"
884,884,4ad8de38f964a5207c1521e3,63,81768254
885,885,425c6100f964a520fd201fe3,431,"75325217,301962,444487490"
886,886,4b6cdf81f964a520ba5a2ce3,413,"31897677,44495193,13062215"
887,887,539803d6498e0283d6b81896,193,"208681308,135721999"
888,888,45302223f964a5205e3b1fe3,34,"194189696,972896,7113951"
889,889,4ac24af8f964a520989820e3,55,"201457,8666484,21662085"
890,890,4b8aca00f964a5201c8132e3,21,"163727,54604178"
891,891,4b22b38df964a520134c24e3,107,"34264,2451147,4083549"
892,892,54700a36498e3b3bd931137c,357,"7348762,10185525,18221715"
893,893,4a3bc5d7f964a520bea01fe3,97,"5022019,23127851,4194"
894,894,59ed237a135b394bb3875862,8,"1106017,8717,170680"
895,895,55ebac96498e6eaf2a9ad368,65,"207390,69765125,138556037"
896,896,4a0f5f06f964a52056761fe3,102,"911552,302686,14199651"
897,897,4c6703e4e1da1b8dd0c79cc3,9,"16099,14057,18415007"
898,898,57ad335b498e9392bd561075,155,"30592165,8216464,126887610"
899,899,4a9d838ff964a520633820e3,4,"3219857,36021545,38397"
900,900,40f5c900f964a520aa0a1fe3,70,"5330652,136688610,12789592"
901,901,5ad0ca19d552c75bbca2a9fa,39,"29340,89160443,523449051"
902,902,51b9fdee498ec3a4b2580261,397,"6567625,31631133,1968580"
903,903,4a10af0af964a520f4761fe3,156,"1140337,521459856,124496872"
904,904,4b52693ff964a520007c27e3,6,"1771971,154605135,502011"
905,905,40b52f80f964a52061001fe3,144,"3440510,5103,10520720"
906,906,5879b70bda54ae4bc9f865e9,20,"91139854,4921923,37700879"
907,907,5273067a11d22a098061c679,8,"517319636,4330689,476014842"
908,908,519ed023498e43b1dcd345b5,20,"107473171,163592444,1336712"
909,909,4383b100f964a520fb2a1fe3,270,"513137289,46271761,17387000"
910,910,58c6b74f730a925fc305a126,26,"18345,8392147,1941824"
911,911,5225389411d22eec4f827e46,0,
912,912,510f02dee4b04d3f9e5cbb58,0,
913,913,50f71746e4b0159e591b2cbd,6,"194189696,437107"
914,914,52eb109611d2f169d2d80599,581,"378619535,139,520435225"
915,915,49972b39f964a52089521fe3,953,"6711873,1437497,1934690"
916,916,40f86c00f964a520c30a1fe3,415,"105402226,69765125,414121209"
917,917,5877d2fb8cb34e044d035deb,132,"5427860,42588556,472441845"
918,918,5144a104e4b07022e79fa5dc,5,"2546865,9621532,55027098"
919,919,5aaf048de0c0c97282aa8e97,0,
920,920,4a7bcb46f964a520cceb1fe3,8,"104880983,73497770"
921,921,3fd66200f964a5205af11ee3,223,"626661,2699107,9752793"
922,922,537fb655498ea82192cbf427,0,
923,923,5b2192aedab4b1002c999366,27,"42697,112948,189485"
924,924,4c43884bf0bdd13a2660c8cc,38,"74801997,506227,31534"
925,925,4ba7fa9af964a520bec339e3,37,"68944,1315501,11794743"
926,926,4cb222461168a0936bc63823,0,
927,927,4a0b8ce1f964a52000751fe3,312,"148493952,477037670,203783455"
928,928,4bca08bbb6c49c74fe928f91,6,"17497495,221162,1771971"
929,929,58a0cbecd9705c7b87a694b0,4,"400336097,2178362"
930,930,51d89cc4498e16236d0c5950,188,"371329639,44805763,91774536"
931,931,52b692ca11d2619f574dcc04,83,"69438714,1329634,57565015"
932,932,44c769c9f964a520e3351fe3,63,"478010861,493732931,4532111"
933,933,4c6211a886b6be9a2e6f8b34,2,"16919931,52065968"
934,934,49cc7e5af964a52084591fe3,122,"444299,20996810,74343449"
935,935,4c000b89f61ea5937738eb13,129,"148228416,439191146"
936,936,5b9c0e87249623002cefdc5e,0,
937,937,4570691ff964a5205c3e1fe3,806,"463594059,124301941,34532290"
938,938,57d085f5498e896e0b078a86,2,"55027098,40099508"
939,939,463c010af964a52027461fe3,566,"450705930,492344410"
940,940,4af1f2e9f964a520afe421e3,34,"151336525,37780405,172249"
941,941,4f3224e019836c91c7ba791e,0,
942,942,53644323498e8964add3b940,829,"125179,13967186,77722"
943,943,42accc80f964a52039251fe3,357,"6257698,30188,10896"
944,944,55ccec5e498e015b5c6a0eb2,301,"504991124,82208967,3300"
945,945,4a847595f964a520abfc1fe3,2,"55027098,71851898"
946,946,4ad0f08df964a52059db20e3,8,"82532684,52065968,130243974"
947,947,4a062117f964a520bb721fe3,93,"515386260,123490034,1620724"
948,948,517dd1e6e4b060f529f68c7d,4,"772058,57628,1338"
949,949,45e9bc10f964a52082431fe3,157,"1336712,2056637,196012"
950,950,463bfdccf964a52026461fe3,0,
951,951,44f03c85f964a520f2371fe3,195,"30014986,38747908,89776"
952,952,49ebf313f964a5204b671fe3,96,"4330689,92423485,772058"
953,953,49dcfaddf964a520d35f1fe3,35,"5242718,24732648,133881849"
954,954,47224f85f964a520cd4b1fe3,142,"488309237,172249"
955,955,4a97c7c0f964a520bd2920e3,25,"10888569,4330689,97123777"
956,956,4b4bf0e8f964a520bdab26e3,443,"522953114,125556,8933297"
957,957,4b9c09d8f964a5209c4336e3,1,2824187
958,958,4c56f9371173ef3ba6df6ab1,1,5276790
959,959,4f2a012ce4b0a7b3771950bb,297,"177925722,38363,30188"
960,960,4d4f762c3626a0934cdc10bd,40,"129379,93251344"
961,961,554cd525498e2d8a98bb29eb,0,
962,962,57b2748e498ef018b699e232,122,"216087974,450705930,1934690"
963,963,4a273a1cf964a5206a911fe3,16,"414212992,62565981,440916"
964,964,42814b00f964a520eb211fe3,460,"84715936,170720117,50218186"
965,965,4d856c8640a7a35d677421be,37,"4056096,63897516,231616"
966,966,5a109ecc898bdc199c4367e9,10,"20546,41261644,25131893"
967,967,58f0edddb1ec1319da00dd2c,23,"8208,78072,221162"
968,968,593c272cf79faa76f4a49438,0,
969,969,4a9fe1c1f964a520733d20e3,30,"84096594,8357287,452136092"
970,970,4388f700f964a520212b1fe3,160,"54339950,381990257,59733612"
971,971,5b2134a81acf11002c0f7903,85,"7244988,57698743,58425"
972,972,500a3d86e4b0c2a4dfce5b0f,1,23294423
973,973,49cc03adf964a5203d591fe3,4,"4411230,42297306"
0,0,5941ec67e2ead1688f4f464a,3,"1274225,18603607,7757401"
1,1,5adced10829b0c3e3ba14268,4,"1336712,3793351,55027098"
2,2,4c05b74b8f8fa5939e55f20d,0,
3,3,4f44be4019836ed0019633be,0,
4,4,44cf44a2f964a52020361fe3,842,"91473498,171572,95538050"
5,5,574254c7498e1eb5e05a9d57,240,"126217280,100333936,81395"
6,6,4c801981dc018cfae279b96c,0,
7,7,4beb0856415e20a113cce5bb,2,"3560678,547758"
8,8,4a219ba0f964a520197d1fe3,13,"437791486,397790534,10520720"
9,9,4b09bbc0f964a520951c23e3,8,"3865050,386,23510631"
10,10,4f320e6b19833175d60c28a3,7,"5276790,154605135,24677730"
11,11,4a37f0d0f964a520959e1fe3,10,"507787589,492265292,3419630"
12,12,49dbcb42f964a520075f1fe3,24,"14057,56214752,32751631"
13,13,4c1ba0ee8b3aa5939c7c975f,2,"7385679,69660283"
14,14,4a86114cf964a520480020e3,66,"480050492,1401563,29415709"
15,15,4c325dd83896e21e6d6ee890,811,"1363434,115500,23200"
16,16,4a918d27f964a520a81a20e3,21,
17,17,559f441d498e9eb732fc45be,14,"13065375,413162,54295"
18,18,56bfa225cd10b72ee2018246,1,11680913
19,19,53c308d9498eb9047959062a,0,
20,20,49b094fdf964a520c8521fe3,1050,"67111169,506434"
21,21,4a43d33af964a520d7a61fe3,20,"27158975,5023358,84271512"
22,22,4ceec3b83b03f04de88d3bdc,19,"129378,1356744"
23,23,4a46a67bf964a5203ea91fe3,91,"283288,96981613,1742594"
24,24,59b4c21bc876c8077b826faf,0,
25,25,4b732d41f964a52008a02de3,8,"57565015,298719"
26,26,4af9013ff964a520cf1022e3,8,"23663456,6457037,1219615"
27,27,5600850a498edff486fdfe89,287,"81395,86120150,170559"
28,28,4ab0402ff964a520ad6620e3,518,"1749198,291732,703539"
29,29,4cb8b9494c60a09383543bca,3,"8001138,29537442,7864704"
30,30,56b69511498e74a4e7826ef2,4,"469829152,39351,393292444"
31,31,57e3c846498e6e8019ad67cf,0,
32,32,446215e4f964a52017331fe3,140,"21583,101322594,435314"
33,33,4a8a341df964a520060a20e3,4,"3271218,29427949,3363311"
34,34,5a2b6426b3d8e25894c6fbd8,1,503761
35,35,4bcdfa760687ef3b00d6e1cc,5,"55027098,7598566,14863498"
36,36,4b4955ccf964a520b86d26e3,736,"520562054,283288,100530259"
37,37,4bf20c757077952137a63e7c,434,"16316492,81438254,1353539"
38,38,5aaeb582e1f22809dcabaf3d,0,
39,39,43d0a1bdf964a520ee2d1fe3,118,"15788509,57698460,2035649"
40,40,49dc45b2f964a5206b5f1fe3,11,"55027098,354030"
41,41,4d5993e03281b1f743a0bc2f,57,"478010861,734855"
42,42,4bcff5c641b9ef3bae61f9e5,8,"71964139,113991472,14111841"
43,43,5410dc82498e8e740a287590,34,"1219615,120797879,172249"
44,44,4c9ba6b080958cfaef954dd4,0,
45,45,4ad4e440f964a5207bfc20e3,7,"60879724,91274299,17387000"
46,46,42cc7080f964a520e7251fe3,916,"729264,19712772,150235400"
47,47,4ebd985c6c257f09ae0c188e,351,"13197713,28152,414884617"
48,48,59bf04122bf9a9618c9fceb4,96,"8092959,11107133,58425"
49,49,55145ef3498e4d9691a639d5,72,"772058,14978807,55027098"
50,50,4d964291daec224b08b9123e,1415,"66712,12398875,126987881"
51,51,4dea72d8c65be8091da6336b,10,"9337194,409839958,9021115"
52,52,4b4ab5daf964a520588d26e3,12,"11469508,69438714,55027098"
53,53,49bb1b50f964a520d3531fe3,167,"10917772,58120034,14978807"
54,54,4aae3c34f964a520ba6120e3,4,"78648,6732046,11138108"
55,55,520fbe4b11d28a5355c2bda6,12,"55027098,350090410,755198"
56,56,4a91a3faf964a520171b20e3,30,"140124,22047928,569243"
57,57,4df02486fa76042fed6d3849,0,
58,58,44678fa8f964a52046331fe3,55,"191692971,510757289,197006"
59,59,4a4d27d0f964a5209aad1fe3,43,"10853947,77062,149058051"
60,60,4b05decff964a520dae422e3,3,"24261101,10520720,51945329"
61,61,4f44a54519836ed001958498,0,
62,62,5bf0dcc325fb7b002ccab4f2,8,"2371535,37927761,140810170"
63,63,4ba7cef9f964a52029b539e3,8,"10520720,52065968,414231901"
64,64,4feddd79d86cd6f22dc171a9,1557,"400723554,44875488"
65,65,565f0f63498e9b2e516d7af5,97,"23085887,69408"
66,66,4c80518374d7b60c92da6cd8,18,"2178362,85507091,8785522"
67,67,4c21afbe34faef3b6f79586d,175,"11800319,478,500091794"
68,68,5935a4611bc7041930693d52,67,"275803,14614,92089099"
69,69,4da89a38fa8c4175d0be1e75,203,"79952140,1363434,686162"
70,70,4a64a8f4f964a5206cc61fe3,334,"80444471,360200185,83710163"
71,71,49f2b815f964a520626a1fe3,131,"33387384,70203858,68319689"
72,72,49f916c7f964a520606d1fe3,26,"8510314,196272672,29214320"
73,73,5bf87ffec8b2fb002ccb64cf,0,
74,74,55dd4192498ee15d2ea9da76,29,"17387000,21662085,413162"
75,75,4a469839f964a52029a91fe3,1071,"14683450,21161394,74040486"
76,76,55bec3d8498ea0833a1c10b7,143,"275803,6787797,33803865"
77,77,4f08d48be4b0803b69422aed,4,"51325,11562008"
78,78,43b439b6f964a520bc2c1fe3,704,"7746907,476,7617484"
79,79,4f8f447f7716cd1fbf769274,468,"1376812,434504437,94061050"
80,80,589d531716f000694e4ab50b,144,"481421,52893855,6376193"
81,81,4d02a4e12f96f04d79fe1254,7,"4411230,993555"
82,82,516a2025e4b0b25be7de59b6,111,"43568055,14199651"
83,83,56aaca82498e009d3013a818,25,"67839792,41836558,2359"
84,84,587ff5fef16bb538b986dc6f,248,"5895965,82652,820888"
85,85,4acf63aef964a5205bd320e3,213,"58964081,4269083,5707431"
86,86,4e7e939d8b81e66003944d81,1,20402182
87,87,531dce81498efc58d90d0201,68,"8785522,470113748,7569913"
88,88,4ab6f6b7f964a520997920e3,30,"38905625,12791144,5980022"
89,89,50064523e4b0f7aff2050d6a,449,"8216464,514349550,20267826"
90,90,4e4d4abdbd413c4cc66ff82e,11,"474551083,772058,460531017"
91,91,4f32559119836c91c7cd870b,0,
92,92,5be3a4a873fe25002c2e7d0f,13,"153786,1352,45750637"
93,93,55cbab7c498ef794e98e03f5,132,"451,11111871,140364597"
94,94,5195394d498e344eeb952b4f,62,"18743943,50218186,237556"
95,95,51841c27498e495ed7b5e1e8,15,"396418692,77062,385608447"
96,96,51896b72498e1bcc776ddaa8,1044,"139829142,148493952,406776702"
97,97,4ab81a99f964a520357c20e3,23,"62630176,463288977"
98,98,4e4d4a9bbd413c4cc66ff72f,0,
99,99,4a88f509f964a520c40720e3,42,"162577433,68319689,88563863"
100,100,49faa18ef964a520096e1fe3,17,"42786540,265081,68974623"
101,101,51ead7342fc6656e0c53d89e,23,"39252,110824,34532290"
102,102,44003663f964a52013301fe3,107,"19065149,50481838,721013"
103,103,41799f00f964a520c11d1fe3,303,"18161709,1768531,506213873"
104,104,40e0b100f964a520e2091fe3,448,"1673122,55456,22260403"
105,105,4ddc8148d22df171990111bb,211,"526177879,63102636"
106,106,3fd66200f964a52025ee1ee3,281,"71576039,16878176,8736485"
107,107,4b40fe56f964a520efbe25e3,1,19705329
108,108,599b0765b37e2b28da629ba3,107,"92844993,34360275,468624122"
109,109,49daea87f964a520be5e1fe3,564,"104839446,13164596,19755935"
110,110,4695204ef964a520dd481fe3,361,"492344410,124554,63819"
111,111,49d00ea2f964a520fa5a1fe3,70,"278347,5980022,15203111"
112,112,4f328c3419836c91c7e27e41,0,
113,113,4a770f7cf964a52076e31fe3,25,"772058,68974623"
114,114,5367c631498e5c347cf18838,144,"56695440,33343413,151703384"
115,115,512831dae4b058a839d3cdac,170,"4524150,338403575,13352581"
116,116,591e5b7135dfa71049910b5b,167,"13197713,514349550,219896"
117,117,5703cab0498e52dae7c36bcf,32,"86877771,152547523,180949170"
118,118,4bd33e98462cb713b2eddd07,8,"130843910,10520720"
119,119,51eb4b80498e718fe674211c,50,"11680913,80360379,1491653"
120,120,4ea85b365c5cc8e4992384b0,358,"3054419,126987881"
121,121,554c21e1498ece8847f51818,186,"136780964,7963881"
122,122,54ab120a498eea9b59f671a1,315,"32895279,64954271,4194"
123,123,57b7af86498e3e263095efc9,20,"1245147,2427773,2961949"
124,124,4be2324599feb713e0d781f6,4,"51593,47644,909342"
125,125,4a7852a8f964a52064e51fe3,43,"3054419,1473226,463443621"
126,126,4b0e26d9f964a520635523e3,4,"32780216,2330756,5276790"
127,127,55020efb498e139cb469190b,9,"5084956,4461542,1769497"
128,128,3fd66200f964a5205bec1ee3,386,"34654871,221648939,1276611"
129,129,4a445686f964a52077a71fe3,236,"513392093,483113838,5252"
130,130,4f329c5419836c91c7e897a7,0,
131,131,5a6d298c336273531d0bf89c,57,"62681324,6567687,43864552"
132,132,5adbe1d72d2fd9240e4fc437,7,"517547292,27701981,44861979"
133,133,4f328b6319836c91c7e22f32,0,
134,134,55ebc1a1498ee151aac9710d,36,"68982329,84914165,15272514"
135,135,4eac41a5dab40d132703fc44,665,"134611640,5131275"
136,136,3fd66200f964a520a3ec1ee3,152,"12259312,17642013,7572857"
137,137,4f329bb319836c91c7e85b4f,0,
138,138,44fc6d0bf964a52085381fe3,342,"1772149,694333,3893343"
139,139,4a67ca5bf964a5200fca1fe3,54,"130936029,172249,464856469"
140,140,4f32af5419836c91c7efb251,0,
141,141,5b80b2dfb3d8e2002cc06a42,13,"58120034,81395,84967164"
142,142,577355df498e5f4d8d448506,97,"245591,80589"
143,143,4db35a5d43a1369cb5a2082a,0,
144,144,4a9752f1f964a520602920e3,43,"135721999,38747908,257316"
145,145,4cc09e2d1da0a1cd951095c6,1,343266308
146,146,4adbc834f964a5209c2a21e3,43,"465017176,74601048,911967"
147,147,3fd66200f964a520f0ec1ee3,160,"397,556036,28817774"
148,148,4f329f9019836c91c7e9cc16,3,"345908571,405329591,437791486"
149,149,4f324f5d19836c91c7cb18e1,0,
150,150,3fd66200f964a52006ed1ee3,19,"534060,772058,383293509"
151,151,44d1ef97f964a52031361fe3,388,"57928,6507370"
152,152,4f833c3be4b0e533af027908,55,"435314,39497,1150812"
153,153,4accae65f964a52030c920e3,18,"460531017,40175557,40099508"
154,154,4e2b4f1c1f6ebe544252959f,35,"67839792,178341,32751631"
155,155,599e3a72e1f228209782dace,1,4330689
156,156,506cedaae4b00cdc7b3cc476,34,"256994,50004169,1219615"
157,157,56a7bd52498e5cd4f59c3f35,0,
158,158,595eb9521de7653a47f96bbc,58,"8380843,1934690,2347448"
159,159,49fa3040f964a520d46d1fe3,54,"4524150,12791144,96421035"
160,160,3fd66200f964a52019f11ee3,145,130018
161,161,58f65b92aa6c9504bfb36af8,24,"972896,20459137,31716"
162,162,5a164826c0af5707fb1add4a,4,"528184,32871939,1350791"
163,163,4a8141daf964a520aef61fe3,190,"113904,2371535,490166601"
164,164,4b6ee022f964a52082ce2ce3,7,"303107,145260864"
165,165,54f08677498ecc627d4dfc22,279,"352336170,2174775,51855252"
166,166,4a90c961f964a520751920e3,4,"478010861,55027098,65469149"
167,167,51ef2d78498eddc6d176f673,0,
